Asset1,Asset2,Asset3
0.04534632579680518,0.011685258584396913,0.011786841632789133
0.011685258584396912,0.03345738866010271,0.010124472780856106
0.011786841632789133,0.010124472780856108,0.03404162501597852
