RF,Expected_Value_1,Expected_Value_2,Expected_Value_3
0.045,0.1304785319780241,0.11842298279053544,0.11906126823026643
