weight1,weight2,weight3
0.49095219087061487,0.08270424401826236,0.42634356511112265
