Underlying,Strike,IV,TTM,RF,DivRate
119.38485720688261,115.3037760508676,0.23,148,0.045,0.04474836089737714
